Date,GitHub Contribution Count,Processed Contribution Count,Status
2022-01-01,1,1,MATCH
2022-01-02,1,1,MATCH
2022-01-03,1,1,MATCH
2022-01-04,1,1,MATCH
2022-01-05,0,0,MATCH
2022-01-06,1,1,MATCH
2022-01-07,2,2,MATCH
2022-01-08,2,2,MATCH
2022-01-09,1,1,MATCH
2022-01-10,0,0,MATCH
2022-01-11,1,1,MATCH
2022-01-12,2,2,MATCH
2022-01-13,2,2,MATCH
2022-01-14,2,2,MATCH
2022-01-15,0,0,MATCH
2022-01-16,4,4,MATCH
2022-01-17,1,1,MATCH
2022-01-18,1,1,MATCH
2022-01-19,2,2,MATCH
2022-01-20,0,0,MATCH
2022-01-21,3,3,MATCH
2022-01-22,3,3,MATCH
2022-01-23,5,5,MATCH
2022-01-24,5,5,MATCH
2022-01-25,0,0,MATCH
2022-01-26,2,2,MATCH
2022-01-27,2,2,MATCH
2022-01-28,3,3,MATCH
2022-01-29,4,4,MATCH
2022-01-30,0,0,MATCH
2022-01-31,6,6,MATCH
2022-02-01,7,7,MATCH
2022-02-02,1,1,MATCH
2022-02-03,2,2,MATCH
2022-02-04,0,0,MATCH
2022-02-05,4,4,MATCH
2022-02-06,5,5,MATCH
2022-02-07,6,6,MATCH
2022-02-08,7,7,MATCH
2022-02-09,0,0,MATCH
2022-02-10,1,1,MATCH
2022-02-11,2,2,MATCH
2022-02-12,3,3,MATCH
2022-02-13,5,5,MATCH
2022-02-14,0,0,MATCH
2022-02-15,7,7,MATCH
2022-02-16,8,8,MATCH
2022-02-17,9,9,MATCH
2022-02-18,2,2,MATCH
2022-02-19,0,0,MATCH
2022-02-20,4,4,MATCH
2022-02-21,5,5,MATCH
2022-02-22,7,7,MATCH
2022-02-23,8,8,MATCH
2022-02-24,0,0,MATCH
2022-02-25,10,10,MATCH
2022-02-26,2,2,MATCH
2022-02-27,3,3,MATCH
2022-02-28,5,5,MATCH
2022-03-01,0,0,MATCH
2022-03-02,7,7,MATCH
2022-03-03,9,9,MATCH
2022-03-04,10,10,MATCH
2022-03-05,11,11,MATCH
2022-03-06,0,0,MATCH
2022-03-07,4,4,MATCH
2022-03-08,5,5,MATCH
2022-03-09,7,7,MATCH
2022-03-10,8,8,MATCH
2022-03-11,0,0,MATCH
2022-03-12,11,11,MATCH
2022-03-13,14,14,MATCH
2022-03-14,2,2,MATCH
2022-03-15,4,4,MATCH
2022-03-16,0,0,MATCH
2022-03-17,7,7,MATCH
2022-03-18,9,9,MATCH
2022-03-19,10,10,MATCH
2022-03-20,13,13,MATCH
2022-03-21,0,0,MATCH
2022-03-22,2,2,MATCH
2022-03-23,4,4,MATCH
2022-03-24,6,6,MATCH
2022-03-25,8,8,MATCH
2022-03-26,0,0,MATCH
2022-03-27,12,12,MATCH
2022-03-28,14,14,MATCH
2022-03-29,16,16,MATCH
2022-03-30,2,2,MATCH
2022-03-31,0,0,MATCH
2022-04-01,6,6,MATCH
2022-04-02,8,8,MATCH
2022-04-03,11,11,MATCH
2022-04-04,13,13,MATCH
2022-04-05,0,0,MATCH
2022-04-06,17,17,MATCH
2022-04-07,3,3,MATCH
2022-04-08,5,5,MATCH
2022-04-09,7,7,MATCH
2022-04-10,0,0,MATCH
2022-04-11,12,12,MATCH
2022-04-12,14,14,MATCH
2022-04-13,16,16,MATCH
2022-04-14,19,19,MATCH
2022-04-15,0,0,MATCH
2022-04-16,5,5,MATCH
2022-04-17,8,8,MATCH
2022-04-18,10,10,MATCH
2022-04-19,13,13,MATCH
2022-04-20,0,0,MATCH
2022-04-21,17,17,MATCH
2022-04-22,20,20,MATCH
2022-04-23,3,3,MATCH
2022-04-24,6,6,MATCH
2022-04-25,0,0,MATCH
2022-04-26,11,11,MATCH
2022-04-27,13,13,MATCH
2022-04-28,16,16,MATCH
2022-04-29,18,18,MATCH
2022-04-30,0,0,MATCH
2022-05-01,3,3,MATCH
2022-05-02,6,6,MATCH
2022-05-03,9,9,MATCH
2022-05-04,11,11,MATCH
2022-05-05,0,0,MATCH
2022-05-06,17,17,MATCH
2022-05-07,20,20,MATCH
2022-05-08,23,23,MATCH
2022-05-09,3,3,MATCH
2022-05-10,0,0,MATCH
2022-05-11,9,9,MATCH
2022-05-12,12,12,MATCH
2022-05-13,15,15,MATCH
2022-05-14,18,18,MATCH
2022-05-15,0,0,MATCH
2022-05-16,25,25,MATCH
2022-05-17,4,4,MATCH
2022-05-18,7,7,MATCH
2022-05-19,10,10,MATCH
2022-05-20,0,0,MATCH
2022-05-21,16,16,MATCH
2022-05-22,20,20,MATCH
2022-05-23,23,23,MATCH
2022-05-24,26,26,MATCH
2022-05-25,0,0,MATCH
2022-05-26,7,7,MATCH
2022-05-27,10,10,MATCH
2022-05-28,13,13,MATCH
2022-05-29,17,17,MATCH
2022-05-30,0,0,MATCH
2022-05-31,24,24,MATCH
2022-06-01,27,27,MATCH
2022-06-02,4,4,MATCH
2022-06-03,7,7,MATCH
2022-06-04,0,0,MATCH
2022-06-05,14,14,MATCH
2022-06-06,18,18,MATCH
2022-06-07,21,21,MATCH
2022-06-08,25,25,MATCH
2022-06-09,0,0,MATCH
2022-06-10,4,4,MATCH
2022-06-11,7,7,MATCH
2022-06-12,11,11,MATCH
2022-06-13,15,15,MATCH
2022-06-14,0,0,MATCH
2022-06-15,22,22,MATCH
2022-06-16,26,26,MATCH
2022-06-17,29,29,MATCH
2022-06-18,4,4,MATCH
2022-06-19,0,0,MATCH
2022-06-20,12,12,MATCH
2022-06-21,16,16,MATCH
2022-06-22,19,19,MATCH
2022-06-23,23,23,MATCH
2022-06-24,0,0,MATCH
2022-06-25,31,31,MATCH
2022-06-26,4,4,MATCH
2022-06-27,8,8,MATCH
2022-06-28,12,12,MATCH
2022-06-29,16,16,MATCH
2022-06-30,20,20,MATCH
2022-07-01,24,24,MATCH
2022-07-02,28,28,MATCH
2022-07-03,32,32,MATCH
2022-07-04,4,4,MATCH
2022-07-05,8,8,MATCH
2022-07-06,12,12,MATCH
2022-07-07,16,16,MATCH
2022-07-08,20,20,MATCH
2022-07-09,24,24,MATCH
2022-07-10,27,27,MATCH
2022-07-11,31,31,MATCH
2022-07-12,4,4,MATCH
2022-07-13,8,8,MATCH
2022-07-14,12,12,MATCH
2022-07-15,16,16,MATCH
2022-07-16,19,19,MATCH
2022-07-17,22,22,MATCH
2022-07-18,26,26,MATCH
2022-07-19,29,29,MATCH
2022-07-20,4,4,MATCH
2022-07-21,8,8,MATCH
2022-07-22,11,11,MATCH
2022-07-23,15,15,MATCH
2022-07-24,18,18,MATCH
2022-07-25,21,21,MATCH
2022-07-26,25,25,MATCH
2022-07-27,28,28,MATCH
2022-07-28,4,4,MATCH
2022-07-29,7,7,MATCH
2022-07-30,11,11,MATCH
2022-07-31,14,14,MATCH
2022-08-01,17,17,MATCH
2022-08-02,20,20,MATCH
2022-08-03,24,24,MATCH
2022-08-04,27,27,MATCH
2022-08-05,4,4,MATCH
2022-08-06,7,7,MATCH
2022-08-07,10,10,MATCH
2022-08-08,13,13,MATCH
2022-08-09,16,16,MATCH
2022-08-10,20,20,MATCH
2022-08-11,23,23,MATCH
2022-08-12,26,26,MATCH
2022-08-13,4,4,MATCH
2022-08-14,7,7,MATCH
2022-08-15,10,10,MATCH
2022-08-16,13,13,MATCH
2022-08-17,16,16,MATCH
2022-08-18,19,19,MATCH
2022-08-19,22,22,MATCH
2022-08-20,25,25,MATCH
2022-08-21,3,3,MATCH
2022-08-22,6,6,MATCH
2022-08-23,9,9,MATCH
2022-08-24,12,12,MATCH
2022-08-25,15,15,MATCH
2022-08-26,18,18,MATCH
2022-08-27,21,21,MATCH
2022-08-28,22,22,MATCH
2022-08-29,3,3,MATCH
2022-08-30,6,6,MATCH
2022-08-31,9,9,MATCH
2022-09-01,11,11,MATCH
2022-09-02,14,14,MATCH
2022-09-03,17,17,MATCH
2022-09-04,18,18,MATCH
2022-09-05,21,21,MATCH
2022-09-06,3,3,MATCH
2022-09-07,6,6,MATCH
2022-09-08,8,8,MATCH
2022-09-09,11,11,MATCH
2022-09-10,13,13,MATCH
2022-09-11,15,15,MATCH
2022-09-12,0,0,MATCH
2022-09-13,20,20,MATCH
2022-09-14,3,3,MATCH
2022-09-15,5,5,MATCH
2022-09-16,8,8,MATCH
2022-09-17,0,0,MATCH
2022-09-18,12,12,MATCH
2022-09-19,14,14,MATCH
2022-09-20,16,16,MATCH
2022-09-21,19,19,MATCH
2022-09-22,0,0,MATCH
2022-09-23,5,5,MATCH
2022-09-24,7,7,MATCH
2022-09-25,9,9,MATCH
2022-09-26,11,11,MATCH
2022-09-27,0,0,MATCH
2022-09-28,15,15,MATCH
2022-09-29,17,17,MATCH
2022-09-30,3,3,MATCH
2022-10-01,5,5,MATCH
2022-10-02,0,0,MATCH
2022-10-03,8,8,MATCH
2022-10-04,10,10,MATCH
2022-10-05,12,12,MATCH
2022-10-06,14,14,MATCH
2022-10-07,0,0,MATCH
2022-10-08,2,2,MATCH
2022-10-09,4,4,MATCH
2022-10-10,6,6,MATCH
2022-10-11,8,8,MATCH
2022-10-12,0,0,MATCH
2022-10-13,11,11,MATCH
2022-10-14,13,13,MATCH
2022-10-15,15,15,MATCH
2022-10-16,2,2,MATCH
2022-10-17,0,0,MATCH
2022-10-18,5,5,MATCH
2022-10-19,7,7,MATCH
2022-10-20,9,9,MATCH
2022-10-21,10,10,MATCH
2022-10-22,0,0,MATCH
2022-10-23,13,13,MATCH
2022-10-24,2,2,MATCH
2022-10-25,4,4,MATCH
2022-10-26,5,5,MATCH
2022-10-27,0,0,MATCH
2022-10-28,8,8,MATCH
2022-10-29,10,10,MATCH
2022-10-30,10,10,MATCH
2022-10-31,11,11,MATCH
2022-11-01,0,0,MATCH
2022-11-02,3,3,MATCH
2022-11-03,5,5,MATCH
2022-11-04,6,6,MATCH
2022-11-05,7,7,MATCH
2022-11-06,0,0,MATCH
2022-11-07,9,9,MATCH
2022-11-08,10,10,MATCH
2022-11-09,2,2,MATCH
2022-11-10,3,3,MATCH
2022-11-11,0,0,MATCH
2022-11-12,5,5,MATCH
2022-11-13,6,6,MATCH
2022-11-14,7,7,MATCH
2022-11-15,8,8,MATCH
2022-11-16,0,0,MATCH
2022-11-17,2,2,MATCH
2022-11-18,3,3,MATCH
2022-11-19,4,4,MATCH
2022-11-20,4,4,MATCH
2022-11-21,0,0,MATCH
2022-11-22,6,6,MATCH
2022-11-23,7,7,MATCH
2022-11-24,8,8,MATCH
2022-11-25,1,1,MATCH
2022-11-26,0,0,MATCH
2022-11-27,3,3,MATCH
2022-11-28,4,4,MATCH
2022-11-29,4,4,MATCH
2022-11-30,5,5,MATCH
2022-12-01,0,0,MATCH
2022-12-02,7,7,MATCH
2022-12-03,1,1,MATCH
2022-12-04,2,2,MATCH
2022-12-05,2,2,MATCH
2022-12-06,0,0,MATCH
2022-12-07,4,4,MATCH
2022-12-08,4,4,MATCH
2022-12-09,5,5,MATCH
2022-12-10,5,5,MATCH
2022-12-11,0,0,MATCH
2022-12-12,1,1,MATCH
2022-12-13,2,2,MATCH
2022-12-14,2,2,MATCH
2022-12-15,3,3,MATCH
2022-12-16,0,0,MATCH
2022-12-17,4,4,MATCH
2022-12-18,3,3,MATCH
2022-12-19,1,1,MATCH
2022-12-20,1,1,MATCH
2022-12-21,0,0,MATCH
2022-12-22,2,2,MATCH
2022-12-23,2,2,MATCH
2022-12-24,2,2,MATCH
2022-12-25,2,2,MATCH
2022-12-26,0,0,MATCH
2022-12-27,1,1,MATCH
2022-12-28,1,1,MATCH
2022-12-29,1,1,MATCH
2022-12-30,1,1,MATCH
2022-12-31,0,0,MATCH
